sha256	relative_path
04cdb80a8a67d1751a654edc4d0916d6f1a3cb70fa5a507a70c534ad03d6c07f	results/current_fsf_v1/manuscript/biological_theme_decisions/author_biological_theme_decision_hashes.tsv
921e65ca8ccb6e2f038209e135667f65347278d5e14d6b14ad09e0b2b1f838fa	results/current_fsf_v1/manuscript/biological_theme_decisions/author_biological_theme_decision_packet.tsv
b3d69ecd72ea90d581afbffe350b6492e1d3f2a457e8a0692c635ed2b91f3310	results/current_fsf_v1/manuscript/biological_theme_decisions/author_biological_theme_review_summary.md
86f0069881035f052f9a46932dc4a43e5c3c40edd64ffe574bcff51944ae6779	results/current_fsf_v1/manuscript/biological_theme_decisions/candidate_theme_global_review.tsv
077aad1edc1f5fe6820119898790acdc6868d35319a97040b79afc315261912d	results/current_fsf_v1/manuscript/biological_theme_decisions/within_condition_biological_review.tsv
cb15514e28a556781f2a681b14f2c6f2ad56d48fd1a60fb0ead52b745c4e3f5f	results/current_fsf_v1/manuscript/biological_themes/biological_theme_author_review_packet.tsv
51be21df2d9484f83a4428ffe02a0d62e484415667eb102f5b785d9b5fe9ceee	results/current_fsf_v1/manuscript/biological_themes/biological_theme_evidence_trace.tsv
776d8a49d881f695910d836abab8d59d93b1a491223885f9e45074501a5e76f6	results/current_fsf_v1/manuscript/biological_themes/biological_theme_output_hashes.tsv
42335d4503e5d08e73f236fae208d941b6505403daa177fb6e76fb44090e0c9e	results/current_fsf_v1/manuscript/biological_themes/biological_theme_review_summary.md
abab8afc65f4189d4c1b7220c495ba26ef793f84d57b1c67e67dfc76958e967b	results/current_fsf_v1/manuscript/biological_themes/candidate_term_theme_mapping.tsv
9dc65d51b39bc45d5885e000ae0e92ad7371e21732c17376527a5e1a2a450dfa	results/current_fsf_v1/manuscript/biological_themes/candidate_theme_definitions.tsv
9c0a354ba0f98956ad844b35ee746e3dc54159cf39fb8d23c9d707816787c2a6	results/current_fsf_v1/manuscript/biological_themes/candidate_theme_evidence.tsv
62900e152b6f4b45529a5babe40396687dfa8a9e1fd6bcdc9531a9301d82a76c	results/current_fsf_v1/manuscript/biological_themes/condition_region_biological_profile.tsv
bef472609c2790f1c6985493aa24149a65b7cbeb2b5f66ee7328bffefc600c58	results/current_fsf_v1/manuscript/biological_themes/current_biological_evidence_inventory.tsv
6059c1e761f42c213222c5ea9540dc5a1ddee2155ba0c37905eee72b6faca639	results/current_fsf_v1/manuscript/biological_themes/go_redundancy_groups.tsv
4a70702ddb57ae231247b4c0facd8f0ea31ee9bfc315410e0aaa1e7f09321958	results/current_fsf_v1/manuscript/biological_themes/historical_theme_reconciliation.tsv
dad4cc1e90f58d7d731dac1d0535dd0eea6099776fe5e95429cfc7833be42f08	results/current_fsf_v1/manuscript/biological_themes/within_condition_region_contrast.tsv
c3b720079f405a8f9b20a4704435ae09e3a4e0887b559106bd4b85f996c42403	results/current_fsf_v1/manuscript/semantic_authority/biological_semantic_review_packet.tsv
841b282502d10845a6377e49e590a74583ed593fc639a93f0cfb12b75eda4257	results/current_fsf_v1/manuscript/semantic_authority/biological_semantic_review_summary.md
6bcf373e531b9dbfd8e1e89dc25ba77e2b2407c9c5dc3741408da281571786dd	results/current_fsf_v1/manuscript/semantic_authority/current_significant_go_annotated.tsv
6bf9666965f84c7f183e75331f90cb878f2eabe0b8caf7adff6d520dfcb39735	results/current_fsf_v1/manuscript/semantic_authority/current_significant_kegg_annotated.tsv
608020c5f4c95263a34749b54b23a797c621184a27979dd59652506fcee1a218	results/current_fsf_v1/manuscript/semantic_authority/go_term_authority.tsv
fc200082a6756593d9e31c9586a7c4c945d3b7b4da35fdfebd1618c481dafabe	results/current_fsf_v1/manuscript/semantic_authority/go_unmapped_or_problematic.tsv
9652ad9bf7a89cf6cbb7f73da5cf99e8808241be284531bd47f85d21eef50671	results/current_fsf_v1/manuscript/semantic_authority/kegg_term_authority.tsv
9763d0419acdd971cf1e04e69d4f4667d98f6ac5934081096fa6dce6a2f8151e	results/current_fsf_v1/manuscript/semantic_authority/kegg_unmapped_or_problematic.tsv
1606a2cc3eb5926b5143b4736e0484d9b10f1c66f0f38c494244e5439131dccc	results/current_fsf_v1/manuscript/semantic_authority/semantic_authority_audit.md
be99c3cf6c28ab550309f287be2dfccf9bbe7c1aa91335f7b36675813652e817	results/current_fsf_v1/manuscript/semantic_authority/semantic_coverage.tsv
9bbacd31a798442d07a615c15fe81d87d97fbc5bc2eea3b678ab79739b8a2c2f	results/current_fsf_v1/manuscript/semantic_authority/semantic_output_hashes.tsv
5e12708772e3fded8ea08f7ce29f1afab8861af5adc205ba5581de77dafcfb6b	results/current_fsf_v1/manuscript/semantic_authority/semantic_source_manifest.tsv
d69a76edd64dce007f141eaf4a7b4d7d852a07570577d97b0e0f3e75bd626437	scripts/current/biological_theme_decisions/build_author_biological_theme_decision_packet.R
54390533c11afc89918be8f974fb8a8ca538db64515779abf13ea2a46d2cfb58	scripts/current/biological_themes/build_current_biological_theme_review.R
30813424d056666d0fe4ce46e654ffb8363f08ad747eac1d1bc2d17fda905560	scripts/current/semantic/build_current_semantic_authority.R
12e389df1717b9ab8c652edcc510fcd1727bf617842da26049b0628ee3083d63	tests/workflow/test-current-author-biological-theme-packet.R
d0d054767287aca975e40c11e3a400419080f0da0b8e1952e2fdc39aa27c8718	tests/workflow/test-current-biological-theme-review.R
48ebed661b6454c9b5c42afad96572d2fbd1cc94328f54f8cf4ad717c82b12c7	tests/workflow/test-current-semantic-authority.R
