gate	status
R_PACKAGE_SOURCE_COMPLETE	PASS
R_CMD_BUILD	PASS
SOURCE_TARBALL_CREATED	PASS
FRESH_ISOLATED_INSTALL	PASS
LIBRARY_FSF_LOAD	PASS
EXPORTED_API_AVAILABLE	PASS
PACKAGE_DOCUMENTATION	PASS
PACKAGE_EXAMPLES	PASS
PACKAGE_TESTS	PASS
MINIMAL_PUBLIC_API_ANALYSIS	PASS
WORKFLOW_TESTS	PASS
CORE_FSF	PASS
ANNOTATION_ENRICHMENT	PASS
BIOLOGICAL_VALIDATION	PASS
SYNTHETIC_BASELINE	PASS
NOISE_VALIDATION	PASS
TAU_VALIDATION	PASS
SCRIPTED_MAIN_FIGURES	PASS
SUPPLEMENTARY_FIGURES	PASS
FIGURE1_FROZEN_IDENTITY	PASS
FIGURE7_FROZEN_IDENTITY	PASS
MAIN_TABLE	PASS
SUPPLEMENTARY_TABLES	PASS
STAGE12	PASS
FROZEN_REFERENCE_COMPARISON	PASS
SOURCE_REPO_RUNTIME_DEPENDENCY	NONE
ARCHIVE_RUNTIME_DEPENDENCY	NONE
INSTABILITY_CONTAMINATION	NONE
MACHINE_SPECIFIC_PATHS	NONE
NO_SYMLINKS_LEAVING_ROOT	PASS
NO_CACHE_FILES	PASS
NO_TEMP_FILES	PASS
NO_OBSOLETE_RUNTIME_DEPENDENCIES	PASS
SCIENTIFIC_INTEGRITY_AUDIT	PASS
CLEAN_PORTABILITY_INTEGRATION	PASS
FSF_R_PACKAGE_RELEASE_READY	PASS
FULL_0_TO_100_REPRODUCTION	PASS
FINAL_REPRODUCTION	PASS
READY_FOR_NEW_GITHUB	YES
