.Rbuildignore	236	66a4f3fd01fcb6323bc1260ea2fac0596d9dc19554c0e04266836fadc8de2334
.gitattributes	343	b7369445ef6fe1f7018d81daf426e7d73a3c3a3c9dbc8519f8e1145ecf7cf0b2
.gitignore	341	0a2e6d21b01398b011fc49cc3e79d285b392b19ec67ce6898c2eb7c09cd1921d
DESCRIPTION	611	4e659b9f1230d4992ee61e0a169e613290b67db7c6132ada11c6cd821de197c6
LICENSE	44	e5d2542db74261a47d7d503980620632ad3bf7813b33c81aca248e442c3355b8
NAMESPACE	120	25cfaaabf0da1b8a5ba95fbc606140093e1442149205a7319df4b79aff6ea636
R/fsf-contract-stubs.R	19282	11d4f294605338e506501d076406d7274c2189ffd398b191b284ebd5c9922436
README.md	10933	57af8b32c323aef5c1a3a075a0c9962784ca459a88c9e45b3a079c396bf2ea52
data/processed/effect_estimates.tsv	15185989	7e561f3ece8e4ae4656579bf82d627b5e836710057a13d9e280539d98d351aa0
data/processed/effect_estimates_real.tsv	17466515	afed2cdbc7794c62845e32ad81ce673d5e2e8697ef94e5c2f8e52595a322cce4
docs/01_PROJECT_CHARTER.md	2580	0c69231a4826345dd1dbf620a6a346702085eaf6a7d767063d8c47c788fbaec3
docs/02_FORMAL_DEFINITION.md	4497	a3dfa0c57b289d5568f6a19911981395fa4d6d3a246f55c93541ab3a1c9d5346
docs/03_CLAIMS_AND_NONCLAIMS.md	1648	fcbf6723133fe88a8a21c4c38f7ccac09bde1824428368eaf87622dc342a6f1a
docs/04_BENCHMARK_PLAN.md	1485	23856838f8c2ec21bb656941091957c96226bac1d12a341a0e441889984fba10
docs/05_EFFECT_ESTIMATE_DEFINITION.md	2075	0f68524356872c24a87c0bf80dc71c03a69d7378217260bd96f3448f2129fc31
docs/06_MIGRATION_POLICY.md	0	e3b0c44298fc1c149afbf4c8996fb92427ae41e4649b934ca495991b7852b855
docs/CURRENT_FSF_AUTHORITY.md	1573	11ada94fafdf8e49dbbf3535e4517827b92451fbd1b3a675a52e6ac3c3fc0e75
docs/FSF_LEGACY_PROVENANCE.md	1545	72057be50ccd82b9efcb856614708ac3cc44dc84187b0a471b60dc77b20e7368
docs/FSF_PACKAGE_API_CONTRACT.md	11008	eb5983f291b9e408a2e1f7ebf21bce5587a3df6e046a3552757f1e828eec7d5d
docs/FSF_PACKAGE_TEST_PLAN.md	5899	f90af9f05377b3fb442e8a58285f913a33c79a7c92b038ea2dcdc9e5214a8079
docs/FSF_V1_ANNOTATION_AUTHORITY.md	8716	14cfce9c25191681ccce03df5bcb9e5f892276df0a86dd9837c26a092bfd8cf5
docs/FSF_V1_CURRENT_SCIENTIFIC_LOCK.md	14158	0c7a1462d210144c726041952cb4dfd7a59b386a7136d161090fa443d1d3b9d1
docs/audits/BIOLOGICAL_VALIDATION_PROVENANCE_AUDIT_2026-09-24.md	6014	a1b0a7a4a3647a777efd31d2dacbd3f18bec126e1e03d44ecadf04db26a2f894
docs/provenance/historical-archive-files.sha256	15056	1472669efcd3d91d6e3427d18cc19795f139bdf8c12e93fb41f7645e882400a4
docs/provenance/legacy-bundle-files.sha256	6541	db0c83ff63d6028a0dd8149bb161953ef2655b5449246d778463d9d0b17ba5f3
governed_artifacts/FSF_v1_annotation_master.tsv	203946583	25627cfcaf544dd2793d9fd2462772d9cb76f4728bbcab8c9d29599520f5d584
governed_artifacts/current_fsf_v1/manuscript/enrichment/go/go_enrichment_all.tsv	306249266	1b991db9a178bead03adf3fd96246d9b8e4b08e40828af300d29aca75b260411
governed_artifacts/current_fsf_v1/manuscript/enrichment/kegg/kegg_enrichment_all.tsv	35469610	bcf428a508975b0ffb81324852243adcf8cc24f136de5ff63bb266a10150fa32
governed_artifacts/current_fsf_v1/manuscript/historical_authority/Supplementary_Table_S1_metadata.csv	7712	6da9e049d318a88a37a80d10605580971a2ee6c8e45350518e990ceeb362bbf2
governed_artifacts/current_fsf_v1/manuscript/historical_authority/Table_SignalClass_Biology_CURATED.tsv	36003	c4704fb6d59e0185919ea75ab9b3ee42a004f64da39a264ac0f5c169febf2529
governed_artifacts/current_fsf_v1/manuscript/historical_authority/current_fsf_feature_metrics.tsv	7871564	f0874a99572884064d52ae0a77af7f4fe95863c1e8776be505fcd358827b095e
governed_artifacts/current_fsf_v1/manuscript/review_authority/REVIEW_AUTHORITY_MANIFEST.tsv	418	6c41860fecf2aeb79e09ef9750b11076469083089c3d691ad73af6ead529abff
governed_artifacts/current_fsf_v1/manuscript/review_authority/deferred_profile_term_evidence.tsv	191454	e03c94ef535209fa76a587694c536381eb73a69472d693ef61b9c2ae48b613be
governed_artifacts/current_fsf_v1/manuscript/review_authority/final_biological_interpretation_summary.md	3828	eeeeaa1180bac85e2de5417b43248c37c84280199e6d44a830204dc3979ed95e
governed_artifacts/current_fsf_v1/manuscript/semantic_authority/raw/go-basic.obo	32227785	b08d45b268b8c24ccb2513dbbbc7d4df9f6521c099b413f79eb31e06e0fa3bcc
governed_artifacts/current_fsf_v1/manuscript/semantic_authority/raw/kegg_info_kegg.txt	811	ce7f0636cb90da1fb1a92c86339fbd74a06f497be3143c709e64e767b61b8955
governed_artifacts/current_fsf_v1/manuscript/semantic_authority/raw/kegg_info_ko.txt	224	9fdbd543cb2971901f0be21c87339a28db26c87bff9469333534c7a240f466ac
governed_artifacts/current_fsf_v1/manuscript/semantic_authority/raw/kegg_info_pathway.txt	219	b59412b70632a0b1cae3e89d6b28bcb39919478f70b28117f05eda2b564421bd
governed_artifacts/current_fsf_v1/manuscript/semantic_authority/raw/kegg_list_ko.tsv	1648364	bf37ae22839f8805d3034a9e6cc76b55332f901aacaf10a5670749d43b5b0a92
governed_artifacts/current_fsf_v1/manuscript/semantic_authority/raw/kegg_list_pathway.tsv	22083	46c36040530f1de249615192d7b054cefd366fac0d48243cf82bec22755cfe61
governed_artifacts/current_fsf_v1/manuscript/semantic_authority/raw/kegg_list_pathway_ko.tsv	18098	f0905f26762b75cd2ca9337352f249a11adf939a3cd714c7b940954a428be03d
governed_artifacts/current_fsf_v1/representative_features/current_fsf_stable_signal_annotated_catalog.tsv	965459032	2002148dcaa38a1b4e84c173d78e8aa34495a2dbb98f0fe5738b1ef0445fabdc
man/fsf_analyze.Rd	1577	71721677b53d6c5aabd4ec552f87b028dfc245f78efe7fc7be5c073c3f70e0aa
man/fsf_architecture.Rd	1556	cc7f7fb93bd61e7a60b3ae69e4ce2b00dc53e4efb837d0a65854e9d849816c91
man/fsf_assign_states.Rd	1298	7a93d5199421dc756169bd128e5dcb9e3fee130aab98ff36ae2f08c1b7a6c305
man/fsf_classify.Rd	1911	d28e4315280e3cb31f9b076b0d9571c9c474ff26aba6634b3f6b9b0bafd59f32
man/fsf_signal_identity.Rd	1792	f76545e83cd197587e209f8c046ca1c8cb1d62d0289933f849718ad37d93397c
reproducibility/EXTERNAL_ARTIFACT_MANIFEST.tsv	954	27121c0c5c9f858e8f74ad3c99969d2d94fb36c5dee183af19c87c0f020caa9b
reproducibility/FINAL_REPRODUCIBILITY_REPORT.md	6518	cefc382eb01fdc9b9e30da67e2da5fd902572e57f531a2b53f3ed1a2f8ac8386
reproducibility/FINAL_REPRODUCIBILITY_SUMMARY.tsv	1036	7ad2f1c2006aa3210d9fcaa4d6b831fe8a4aa9b2c08c36411e7d89689d94529a
results/current_fsf_v1/current_fsf_class_architecture.tsv	2159	6afafc4f4c8b1d141719ef01aaa02c72501b766306d8ffddaadf00e42ae420d8
results/current_fsf_v1/current_fsf_feature_metrics.tsv	7915888	e7d21744681122f041ad38623bb4cb4807ab3d254132fffd6269ce0ef0b1ab89
results/current_fsf_v1/current_fsf_regeneration_audit.txt	1310	d38a28da65e56bc19e729412c3296d868cb97957570e9c6b4318d211bf79c05e
results/current_fsf_v1/current_fsf_region_architecture.tsv	765	63a2fb3fa448feef21bf1aba84281f264e893c6bdf963b0663ed783fe2cb6a2d
results/current_fsf_v1/manuscript/audit/clean_release_portability_patch.tsv	438	44ed9fa1bc99282a546a35f7724496cac1cc3f27c7f8c2414ecc11ffaa584a51
results/current_fsf_v1/manuscript/audit/clean_release_test_portability_patch.tsv	3527	4d39a93404ae8a823f161bd28942ef5fa5b00ef1ebe635942495e82afba80813
results/current_fsf_v1/manuscript/audit/current_release_protected_files.sha256.tsv	5243	c0684c6cb133c5f342a52ef59dad6d355a0fc80cb26eb198ba14f8c3c46defc5
results/current_fsf_v1/manuscript/audit/current_release_test_guard.sha256.tsv	34048	12bf9c4c08ba4e60e03564f82a60cc3b516420a2a0707092fbe4e9dd4e636c89
results/current_fsf_v1/manuscript/audit/external_artifacts.tsv	954	27121c0c5c9f858e8f74ad3c99969d2d94fb36c5dee183af19c87c0f020caa9b
results/current_fsf_v1/manuscript/audit/output_checksums.tsv	4394	60069138516ca8800393a00562abef5859f9f394ef9876ff7bf5c98ab3c6a6c2
results/current_fsf_v1/manuscript/audit/provenance.tsv	1448	dd6f12b81a8a2580fc2c9160ea0567adcfa5a1dd14e5cc9530d0dd67a5e32202
results/current_fsf_v1/manuscript/benchmarks/baseline_dominant_recovery.tsv	266	90617c8d12fb8b117a02621665f889a4171a022c3ef48a7e67037bafc6a17c69
results/current_fsf_v1/manuscript/benchmarks/baseline_feature_metrics.tsv	431537	fe07bc0d72b8df42965d1aead984a35d5dba77d6d5c7e6416478baf9902bdca8
results/current_fsf_v1/manuscript/benchmarks/baseline_summary.tsv	300	cf6459806d1c47b6fda4f7094a4eeebb7805f2578471f5b05b489a606eccddf4
results/current_fsf_v1/manuscript/benchmarks/baseline_truth_by_class.tsv	271	823b820509c84a3a64ad80da7a74f7d39832cef9482cef5be6fd169f1cd7cb17
results/current_fsf_v1/manuscript/benchmarks/baseline_truth_by_region.tsv	252	6031bf4c3988073ac2dbb31946c7e526d2fd174faf14cac698a1f08e4af974c0
results/current_fsf_v1/manuscript/benchmarks/noise_dominant_recovery.tsv	1514	88d9e25596ae9ae18e839c29eb43275f64a66004f503056c1db9f0b8eccd4079
results/current_fsf_v1/manuscript/benchmarks/noise_feature_metrics.tsv	1862817	da9723ec690f5523acac81287db8092d7789c6d8c8aa7bf2b3d178fa4a88ce61
results/current_fsf_v1/manuscript/benchmarks/noise_summary.tsv	1951	8cc34d5e67bf9e5687061eedc5bf99571c7bb52725c881ce99f970d5797a8afe
results/current_fsf_v1/manuscript/benchmarks/noise_truth_by_class.tsv	2498	e17fc6ea108580372033de2ffc1b445f4680d700126bb6e2946e8e6452068805
results/current_fsf_v1/manuscript/benchmarks/noise_truth_by_region.tsv	2167	5dfebe42c1093166944edf564a2b85322aa806bb63c150b90b4ba700a83c90ba
results/current_fsf_v1/manuscript/benchmarks/tau_dominant_recovery.tsv	919	a51c29ba7599664ad5acd0e5a19610133794c7a955de810d3f162c757a15e513
results/current_fsf_v1/manuscript/benchmarks/tau_sensitivity_tidy.tsv	5337	7185aa2b84a89af42dafb7b59ddac30b16e916e9c354972b20ec3302aa241b70
results/current_fsf_v1/manuscript/benchmarks/tau_summary.tsv	990	f0feb32f23c85b392ea2bba4b7138b32bdd0e3ea0148018a7df460104a3415c4
results/current_fsf_v1/manuscript/benchmarks/tau_truth_by_class.tsv	1314	1db3db0b548593d3770a60f9416a66c121d98d2bb2a97422f5a6dcbe15400afe
results/current_fsf_v1/manuscript/benchmarks/tau_truth_by_region.tsv	1080	06467dee44befb198ac671189cbc7c319c65f34f9a427c9cd446c2f5bf6bc96c
results/current_fsf_v1/manuscript/biological_theme_decisions/author_biological_theme_decision_hashes.tsv	435	04cdb80a8a67d1751a654edc4d0916d6f1a3cb70fa5a507a70c534ad03d6c07f
results/current_fsf_v1/manuscript/biological_theme_decisions/author_biological_theme_decision_packet.tsv	98404	921e65ca8ccb6e2f038209e135667f65347278d5e14d6b14ad09e0b2b1f838fa
results/current_fsf_v1/manuscript/biological_theme_decisions/author_biological_theme_review_summary.md	6713	b3d69ecd72ea90d581afbffe350b6492e1d3f2a457e8a0692c635ed2b91f3310
results/current_fsf_v1/manuscript/biological_theme_decisions/candidate_theme_global_review.tsv	5907	86f0069881035f052f9a46932dc4a43e5c3c40edd64ffe574bcff51944ae6779
results/current_fsf_v1/manuscript/biological_theme_decisions/within_condition_biological_review.tsv	10594	077aad1edc1f5fe6820119898790acdc6868d35319a97040b79afc315261912d
results/current_fsf_v1/manuscript/biological_themes/biological_theme_author_review_packet.tsv	362711	cb15514e28a556781f2a681b14f2c6f2ad56d48fd1a60fb0ead52b745c4e3f5f
results/current_fsf_v1/manuscript/biological_themes/biological_theme_evidence_trace.tsv	1499587	51be21df2d9484f83a4428ffe02a0d62e484415667eb102f5b785d9b5fe9ceee
results/current_fsf_v1/manuscript/biological_themes/biological_theme_output_hashes.tsv	1118	776d8a49d881f695910d836abab8d59d93b1a491223885f9e45074501a5e76f6
results/current_fsf_v1/manuscript/biological_themes/biological_theme_review_summary.md	6256	42335d4503e5d08e73f236fae208d941b6505403daa177fb6e76fb44090e0c9e
results/current_fsf_v1/manuscript/biological_themes/candidate_term_theme_mapping.tsv	1380712	abab8afc65f4189d4c1b7220c495ba26ef793f84d57b1c67e67dfc76958e967b
results/current_fsf_v1/manuscript/biological_themes/candidate_theme_definitions.tsv	2910	9dc65d51b39bc45d5885e000ae0e92ad7371e21732c17376527a5e1a2a450dfa
results/current_fsf_v1/manuscript/biological_themes/candidate_theme_evidence.tsv	356701	9c0a354ba0f98956ad844b35ee746e3dc54159cf39fb8d23c9d707816787c2a6
results/current_fsf_v1/manuscript/biological_themes/condition_region_biological_profile.tsv	17708	62900e152b6f4b45529a5babe40396687dfa8a9e1fd6bcdc9531a9301d82a76c
results/current_fsf_v1/manuscript/biological_themes/current_biological_evidence_inventory.tsv	224654	bef472609c2790f1c6985493aa24149a65b7cbeb2b5f66ee7328bffefc600c58
results/current_fsf_v1/manuscript/biological_themes/go_redundancy_groups.tsv	250524	6059c1e761f42c213222c5ea9540dc5a1ddee2155ba0c37905eee72b6faca639
results/current_fsf_v1/manuscript/biological_themes/historical_theme_reconciliation.tsv	15624	4a70702ddb57ae231247b4c0facd8f0ea31ee9bfc315410e0aaa1e7f09321958
results/current_fsf_v1/manuscript/biological_themes/within_condition_region_contrast.tsv	8091	dad4cc1e90f58d7d731dac1d0535dd0eea6099776fe5e95429cfc7833be42f08
results/current_fsf_v1/manuscript/biological_validation/README.md	692	5bc53cfc9b598f6e5f621e15100322677793bbc054bfeaec326e8ab824a16c87
results/current_fsf_v1/manuscript/biological_validation/biological_validation_manifest.tsv	1301	f092ff7c03b5a37defc3eeba0ef2085f9fb5e68bf90940fa7a0c0c65b3cea786
results/current_fsf_v1/manuscript/biological_validation/biological_validation_summary.md	3762	39fb0d774fdd8e0484ad3a1eff8ada84f33876c4d43dc1778f41a372b93019c3
results/current_fsf_v1/manuscript/biological_validation/candidate_shortlist_top5.tsv	111844	763913ae0780934c5a1c75c1fef9813d8f180b424c5eabad513cb88160c9b37d
results/current_fsf_v1/manuscript/biological_validation/condition_architecture.tsv	603	b7773cfbcc7c2b9c5707ba9b0694d0cbbd7b8213364a144077facfc48a591d32
results/current_fsf_v1/manuscript/biological_validation/condition_literature_evidence.tsv	4189	195a4ed84f6769f94549b89c101147b603cc3775a915db49d7f355edf5af9253
results/current_fsf_v1/manuscript/biological_validation/gene_author_decisions.tsv	35979	91ec38d660c65f1e381bd8d7c187a88ee3165985a826f50ab1a3ac873e577c40
results/current_fsf_v1/manuscript/biological_validation/gene_literature_evidence.tsv	4865	981ee01928a5260e99d820ae499747ccfa51e69d6eac6cc8565000f68c285f54
results/current_fsf_v1/manuscript/biological_validation/validated_condition_architecture.tsv	2451	d2b812f8de74bf062374df603b5e224079ad2408da60c6f21b1b6f2d0218335d
results/current_fsf_v1/manuscript/biological_validation/validated_gene_shortlist.tsv	3797	7df0747b57d5044a0c3f4ca088513fbefc6948f40ef1dbd9efc670368d2cf5aa
results/current_fsf_v1/manuscript/enrichment/go/go_enrichment_significant.tsv	16485272	0ded08c5f67abdcf6dbbc2d77bcd47530319ecdeeb7b6ad13cd402a65d5dcdc2
results/current_fsf_v1/manuscript/enrichment/go/go_gene_set_status.tsv	3488	01875bc823b32bafbbec51d356b5f2a534a0ad10d0a694a44abb9687cd9e3af4
results/current_fsf_v1/manuscript/enrichment/go/go_mapping_summary.tsv	148	b2aabdca8df263109ca37fb2e7c6013e274ead9ced389ed12e771ed53a2b601e
results/current_fsf_v1/manuscript/enrichment/go/go_significant_top50.tsv	7087171	cbca02f8a8087468f9665485fa5fb1c58e376640684c90ca1c941a9102e2e7b9
results/current_fsf_v1/manuscript/enrichment/kegg/kegg_enrichment_significant.tsv	676155	780415dbe1a73d9246b16b58b58892b24f20d89eb1d3cf9f6458479d2c2f856b
results/current_fsf_v1/manuscript/enrichment/kegg/kegg_gene_set_status.tsv	7502	bbd73d7a4d24916cad2e5a993ee51a8e69ed95bf559c05b2b92ad6542c0ee8e4
results/current_fsf_v1/manuscript/enrichment/kegg/kegg_mapping_summary.tsv	217	4b7b96e0b0ee00ccc5f018f032e874257c01d821be9fef3184c9b91eadbe93d9
results/current_fsf_v1/manuscript/enrichment/kegg/kegg_significant_top50.tsv	560947	12bc4388be00e77980cff99dc941a041fea4cbc4f7864830c95f6422833a869b
results/current_fsf_v1/manuscript/figures/biological_theme_prototypes/DES_biological_theme_barplot_source.tsv	2070	62dc107fad4faf7ef0466f47633a74d4ad98088b1a04e902013b42b7ba1b6263
results/current_fsf_v1/manuscript/figures/biological_theme_prototypes/Figure5C_DES_biological_themes_barplot.pdf	9077	1b518ff674449b1516f441c3a577087a831d47755b48c9f110381e1012abb28c
results/current_fsf_v1/manuscript/figures/biological_theme_prototypes/Figure5C_DES_biological_themes_barplot.png	872425	af8708d9eabc420dde2a954064c0649f798819ce0bc7925121c4c263754199a0
results/current_fsf_v1/manuscript/figures/biological_theme_prototypes/Figure5C_DES_biological_themes_barplot_AUDIT.pdf	9178	d17e8fa25d4e928b8b1cf1aab9dc1894662380ba1e7ebc443f6d25d3576530f1
results/current_fsf_v1/manuscript/figures/biological_theme_prototypes/Figure5C_DES_biological_themes_barplot_AUDIT.png	1043830	e106bba69f1a7069463c29b390a23876bc15a4e15cf57c1c99cc38e5e6e807cb
results/current_fsf_v1/manuscript/figures/biological_theme_prototypes/Figure5C_DES_biological_themes_caption.txt	638	64d9185682edd1358a0eb6dc143f5a9b4f7481bb079841be49bd823b0d451907
results/current_fsf_v1/manuscript/figures/figure_audit.md	3860	0df70fabed1c71f1e6f36f826d0bfcad8d64f574c09ac687bec54a207a1ef9cc
results/current_fsf_v1/manuscript/figures/figure_manifest.tsv	4541	dec5d6544dce9a7002157bc60753d3a542ffadbf31403efa378eb5a7f5fd490c
results/current_fsf_v1/manuscript/figures/main/Figure1.pdf	9376481	4d1b715bea70645850884c289538e0ab5c059cce1fa382d697774228565504e2
results/current_fsf_v1/manuscript/figures/main/Figure1.png	1759739	83546fa2af4100fa57da16cf09137634311a7f1f8c3be039ed4d8f0dd8310dc5
results/current_fsf_v1/manuscript/figures/main/Figure2.pdf	250871	ad65413a3580d243114d4d5a20447d0fb69d3880e6408fc1518783889fa5abc6
results/current_fsf_v1/manuscript/figures/main/Figure2.png	959690	4906018fe7edb9c7c64c1920e3fdcf7543f91f6f2ff57f675b253f995e87e808
results/current_fsf_v1/manuscript/figures/main/Figure3.pdf	7669	4592f27902236aa8cf97b1940eef2bfe6a532530592d536244b3065450f18d36
results/current_fsf_v1/manuscript/figures/main/Figure3.png	327194	eba19ae366c0180ade608e36e36fc0cb5db814f1032d24336c7f7e93e6716d6c
results/current_fsf_v1/manuscript/figures/main/Figure4.pdf	5348	00e22f2546162bd461f635021626f58675119c131de322f88d15964b2bb15706
results/current_fsf_v1/manuscript/figures/main/Figure4.png	118886	26856399898636c4ea741df085b2e3ca2b00993dd9947e222c517748e8c1c62e
results/current_fsf_v1/manuscript/figures/main/Figure5.pdf	1011436	e7738da021371a342c72bd5d67955d2bb0b901abf20952ecb6afb6d65ddf613e
results/current_fsf_v1/manuscript/figures/main/Figure5.png	1096037	436180835ad7cf0b15def1aad2ff2b8184b577d4950c05e0ebd6d9c96e9ad671
results/current_fsf_v1/manuscript/figures/main/Figure6.pdf	9911	d92fe0d8e75dead53d86372fd99fa8a7f956bf7c2becc5053a63bb3f39b01340
results/current_fsf_v1/manuscript/figures/main/Figure6.png	378614	2219eaed5cc8cbf19e54ba1815f3d9e707145e40e3a56181abe637e63850b915
results/current_fsf_v1/manuscript/figures/main/Figure7.pdf	2099937	c5d7af446b5f13e66d7437f0d0197f2400d33c9c3ba28ca7fc502cb2fc184468
results/current_fsf_v1/manuscript/figures/main/Figure7.png	1958350	6ab8be9958a8073303661814fa7def0de9e1a5d9ece745adb23dc1bf377771a0
results/current_fsf_v1/manuscript/figures/new/Figure_1.png	1759739	83546fa2af4100fa57da16cf09137634311a7f1f8c3be039ed4d8f0dd8310dc5
results/current_fsf_v1/manuscript/figures/new/Figure_7.png	1958350	6ab8be9958a8073303661814fa7def0de9e1a5d9ece745adb23dc1bf377771a0
results/current_fsf_v1/manuscript/figures/supplementary/FigureS1.pdf	5543	6d28f61d3f4d3b50bbe3b85a5631dcd7ca6d3639cf6e18c4a76cded4524cd5fe
results/current_fsf_v1/manuscript/figures/supplementary/FigureS1.png	211495	def75ca5af879aac005b3fafb87f24ca75474a0173632ed1a0e00f27b93a0e2b
results/current_fsf_v1/manuscript/figures/supplementary/FigureS2.pdf	6020	a433b648d367fd1e9e585a2c8093342f56cd33e3140de2ce9905ee4e96bf941a
results/current_fsf_v1/manuscript/figures/supplementary/FigureS2.png	181231	f467648e51c06942d13a7f6a8f50ce48df292cd7bf2de21e64cb3e93214fa05b
results/current_fsf_v1/manuscript/figures/supplementary/FigureS3.pdf	5406	c462a1ef65eefc5981d14baa5383e53ba6ec7019306493cb762089c59df40b2c
results/current_fsf_v1/manuscript/figures/supplementary/FigureS3.png	161331	a6c97a0adee558e2ea92767fb7f598be88154c116e4a72b738b76c465abe5d7e
results/current_fsf_v1/manuscript/figures/supplementary/FigureS4.pdf	7174	beb949238549d6dff3b1b5652364192754807984bdfdd4fc13e18fac2d9ef079
results/current_fsf_v1/manuscript/figures/supplementary/FigureS4.png	164719	b6c0f682c913ba29b2b92fb4a777d27b364c678ba6f5fea98c025abc0fce3d5d
results/current_fsf_v1/manuscript/final_tables_candidate/FINAL_TABLE_PACKAGE_README.md	6287	664fe9b6da8502449025d441ea4f5b9f4e56e80c8bde3473bd2180b45173fdb6
results/current_fsf_v1/manuscript/final_tables_candidate/FSF_Final_Manuscript_Table_Index.xlsx	34995	4f6796117489b779130d6a0e5da1efe831a42452c980b6cdbd05bb40147660c0
results/current_fsf_v1/manuscript/final_tables_candidate/SUPPLEMENTARY_TABLES_MANIFEST.tsv	5240	bb95900caf3746484a5dfd267c58351411ec960f61fb5d5cfbdf4cbb6652fe24
results/current_fsf_v1/manuscript/final_tables_candidate/Supplementary_Table_S1_metadata.csv	7712	6da9e049d318a88a37a80d10605580971a2ee6c8e45350518e990ceeb362bbf2
results/current_fsf_v1/manuscript/final_tables_candidate/Supplementary_Table_S2_Functional_Annotation_Atlas.tsv.gz	36925684	ee0783f9dac0ad126cba8f24104b42eda1a01734ae56ebfbabb273b0ddd6fbc7
results/current_fsf_v1/manuscript/final_tables_candidate/Supplementary_Table_S3_Literature_Supported_Representative_Genes.tsv	5278	75849961aca45cef053d82732b680042b29a5a8b8405389a068946a83ac8e334
results/current_fsf_v1/manuscript/final_tables_candidate/Supplementary_Table_S4_GO_Enrichment_Main_Class.tsv.gz	1628722	572a3fedfcb91866ea08358fb10422e333db13418b574bc1159dcef861851577
results/current_fsf_v1/manuscript/final_tables_candidate/Supplementary_Table_S5_KEGG_Enrichment_Main_Class.tsv.gz	39129	d196a38475a126b4382f56414f6df2b83ae1eba9b4b8bc9f245fbf3265f6e580
results/current_fsf_v1/manuscript/final_tables_candidate/Supplementary_Table_S6_Synthetic_Baseline_Benchmark.tsv	528	289d5af2b283816edb304b4ecb7d8fc2752ecbd0108946fdddeb8ffd347b602d
results/current_fsf_v1/manuscript/final_tables_candidate/Supplementary_Table_S7A_Noise_Gradient_SSI_Summary.tsv	1951	8cc34d5e67bf9e5687061eedc5bf99571c7bb52725c881ce99f970d5797a8afe
results/current_fsf_v1/manuscript/final_tables_candidate/Supplementary_Table_S7B_Noise_Gradient_Dominant_Class_Recovery.tsv	1514	88d9e25596ae9ae18e839c29eb43275f64a66004f503056c1db9f0b8eccd4079
results/current_fsf_v1/manuscript/final_tables_candidate/Supplementary_Table_S7C_Noise_Gradient_Class_Assignments.tsv	2498	e17fc6ea108580372033de2ffc1b445f4680d700126bb6e2946e8e6452068805
results/current_fsf_v1/manuscript/final_tables_candidate/Supplementary_Table_S8A_Tau_Sensitivity_Class_Composition.tsv	1314	1db3db0b548593d3770a60f9416a66c121d98d2bb2a97422f5a6dcbe15400afe
results/current_fsf_v1/manuscript/final_tables_candidate/Supplementary_Table_S8B_Tau_Sensitivity_SSI_Summary.tsv	990	f0feb32f23c85b392ea2bba4b7138b32bdd0e3ea0148018a7df460104a3415c4
results/current_fsf_v1/manuscript/final_tables_candidate/Table1_Condition_Level_FSF_Stability_Region_Architecture.tsv	714	b785a8caced29a6f53958c174eb5f5f68a61b9bba4214eea6c742f1b9faa4ce5
results/current_fsf_v1/manuscript/review/author_decision_lock_summary.md	942	c258ca488375a876b2ca3c068a5c02a3601a84fca436e83aaec6d2ea2fd8774e
results/current_fsf_v1/manuscript/review/author_decision_packet.tsv	54688	c503d718606740cd2306bc2296c44108c4bb5e0f12c8352c38ef91d0bcdf1e43
results/current_fsf_v1/manuscript/review/author_decision_packet_FINAL.tsv	54924	2387edb6ecbbc3261232fbb3cb56a6f727580fa3d4de461de9d163ca57f73c6f
results/current_fsf_v1/manuscript/review/author_decision_packet_LOCKED.tsv	54688	c503d718606740cd2306bc2296c44108c4bb5e0f12c8352c38ef91d0bcdf1e43
results/current_fsf_v1/manuscript/review/author_decision_summary.md	5074	6db383be19d7499b8efdfb619375d6034d65ed84024ab9c376062f61844142ea
results/current_fsf_v1/manuscript/review/combined_profile_review.tsv	12863	78ac92936f6f9d6074b4d50a161c808af548352117edadb192f8ef3ce0273865
results/current_fsf_v1/manuscript/review/condition_architecture_review.tsv	2906	efb4746ff9ccc6ea29df66fedebba24cb37b1abdff70dfd4a6c3b24a8a8dbca6
results/current_fsf_v1/manuscript/review/current_go_evidence.tsv	1466566	b10859804b2f89d0b2dae7c9d8c0cd4c39bab0fa1cc97e36e73988c94f52da0d
results/current_fsf_v1/manuscript/review/current_kegg_evidence.tsv	134258	a956df1b1d6e9289b56376f430cc4f04511c23fd76de31dd76572e4ef09e0f15
results/current_fsf_v1/manuscript/review/deferred_profile_term_evidence.tsv	191454	e03c94ef535209fa76a587694c536381eb73a69472d693ef61b9c2ae48b613be
results/current_fsf_v1/manuscript/review/final_biological_interpretation_summary.md	3828	eeeeaa1180bac85e2de5417b43248c37c84280199e6d44a830204dc3979ed95e
results/current_fsf_v1/manuscript/review/go_theme_review.tsv	45365	f55288175dab144563242d627b3c808dacb7d6dd3525c847866a8cfb6a29ff7d
results/current_fsf_v1/manuscript/review/historical_interpretation_inventory.tsv	11408	95a4c7f4144b191eabb2854031b8364910b272c8d4b95ddf8af853fa84016cea
results/current_fsf_v1/manuscript/review/kegg_theme_review.tsv	5902	355b00b8836808ea9bf47ab0d48ff8fe96e60257beec3fb086322da8c88a1665
results/current_fsf_v1/manuscript/review/representative_feature_review.tsv	12338238	8f5a97f60e19ec351a9c8bfd29168be9c8ddcc0d4a8cb0246160412a5b97f38c
results/current_fsf_v1/manuscript/review/review_summary.md	1486	2ef21c197aa32ebc80fb64992e3a95195110d48fd90b4efa06473f498c90d13e
results/current_fsf_v1/manuscript/review/uv_specific_review.tsv	3808	c7486d3d288ec1e3d0e01d4c2515977112de73046f7602a62f3bd4d39ecf7188
results/current_fsf_v1/manuscript/semantic_authority/biological_semantic_review_packet.tsv	878171	c3b720079f405a8f9b20a4704435ae09e3a4e0887b559106bd4b85f996c42403
results/current_fsf_v1/manuscript/semantic_authority/biological_semantic_review_summary.md	1324	841b282502d10845a6377e49e590a74583ed593fc639a93f0cfb12b75eda4257
results/current_fsf_v1/manuscript/semantic_authority/current_significant_go_annotated.tsv	10833396	6bcf373e531b9dbfd8e1e89dc25ba77e2b2407c9c5dc3741408da281571786dd
results/current_fsf_v1/manuscript/semantic_authority/current_significant_kegg_annotated.tsv	443703	6bf9666965f84c7f183e75331f90cb878f2eabe0b8caf7adff6d520dfcb39735
results/current_fsf_v1/manuscript/semantic_authority/go_term_authority.tsv	454826	608020c5f4c95263a34749b54b23a797c621184a27979dd59652506fcee1a218
results/current_fsf_v1/manuscript/semantic_authority/go_unmapped_or_problematic.tsv	69261	fc200082a6756593d9e31c9586a7c4c945d3b7b4da35fdfebd1618c481dafabe
results/current_fsf_v1/manuscript/semantic_authority/kegg_term_authority.tsv	64188	9652ad9bf7a89cf6cbb7f73da5cf99e8808241be284531bd47f85d21eef50671
results/current_fsf_v1/manuscript/semantic_authority/kegg_unmapped_or_problematic.tsv	322	9763d0419acdd971cf1e04e69d4f4667d98f6ac5934081096fa6dce6a2f8151e
results/current_fsf_v1/manuscript/semantic_authority/semantic_authority_audit.md	1101	1606a2cc3eb5926b5143b4736e0484d9b10f1c66f0f38c494244e5439131dccc
results/current_fsf_v1/manuscript/semantic_authority/semantic_coverage.tsv	174	be99c3cf6c28ab550309f287be2dfccf9bbe7c1aa91335f7b36675813652e817
results/current_fsf_v1/manuscript/semantic_authority/semantic_output_hashes.tsv	1072	9bbacd31a798442d07a615c15fe81d87d97fbc5bc2eea3b678ab79739b8a2c2f
results/current_fsf_v1/manuscript/semantic_authority/semantic_source_manifest.tsv	2079	5e12708772e3fded8ea08f7ce29f1afab8861af5adc205ba5581de77dafcfb6b
results/current_fsf_v1/manuscript/source_data/figure2_simplex_source.tsv	6735964	c402db808d9e087d74cbf7997ee2c1a687b62a4edb30ebdd681f76ce50fcf888
results/current_fsf_v1/manuscript/source_data/figure3_architecture_source.tsv	778	5349f0e69f0a0ab6d49e06b9ca468b3405c4cc045bca2e4572500837e5e2d1f2
results/current_fsf_v1/manuscript/source_data/figure4_ssi_ecdf_source.tsv	3438932	6b52cafc35a7018bf8fd2e45d416dcfb755a2021fe9ea7d8b1a32696240ec4d9
results/current_fsf_v1/manuscript/source_data/figure5_go_source.tsv	16485272	0ded08c5f67abdcf6dbbc2d77bcd47530319ecdeeb7b6ad13cd402a65d5dcdc2
results/current_fsf_v1/manuscript/source_data/figure5_kegg_source.tsv	676155	780415dbe1a73d9246b16b58b58892b24f20d89eb1d3cf9f6458479d2c2f856b
results/current_fsf_v1/manuscript/source_data/figure6_baseline_source.tsv	271	823b820509c84a3a64ad80da7a74f7d39832cef9482cef5be6fd169f1cd7cb17
results/current_fsf_v1/manuscript/source_data/figure6_noise_source.tsv	1514	88d9e25596ae9ae18e839c29eb43275f64a66004f503056c1db9f0b8eccd4079
results/current_fsf_v1/manuscript/source_data/figureS2_tau_source.tsv	5337	7185aa2b84a89af42dafb7b59ddac30b16e916e9c354972b20ec3302aa241b70
results/current_fsf_v1/manuscript/source_data/figureS3_architecture_source.tsv	778	5349f0e69f0a0ab6d49e06b9ca468b3405c4cc045bca2e4572500837e5e2d1f2
results/current_fsf_v1/manuscript/source_data/figureS4_ssi_distribution_source.tsv	3438932	6b52cafc35a7018bf8fd2e45d416dcfb755a2021fe9ea7d8b1a32696240ec4d9
results/current_fsf_v1/manuscript/tables/current_enrichment_gene_set_summary.tsv	6278	c28d932442896d0711b9dbede42fdcce63e134542e6e01bcc9ba962602cbdd51
results/current_fsf_v1/manuscript/tables/current_go_statistical_summary.tsv	16485272	0ded08c5f67abdcf6dbbc2d77bcd47530319ecdeeb7b6ad13cd402a65d5dcdc2
results/current_fsf_v1/manuscript/tables/current_kegg_statistical_summary.tsv	676155	780415dbe1a73d9246b16b58b58892b24f20d89eb1d3cf9f6458479d2c2f856b
results/current_fsf_v1/manuscript/tables/current_region_architecture.tsv	778	5349f0e69f0a0ab6d49e06b9ca468b3405c4cc045bca2e4572500837e5e2d1f2
results/current_fsf_v1/manuscript/tables/current_signal_class_architecture.tsv	2627	80e51c910d2e9a86d20e28d5b88a25c04c1cf6628093991e0a21a0382fe3b957
results/current_fsf_v1/manuscript/tables/current_synthetic_baseline_summary.tsv	300	cf6459806d1c47b6fda4f7094a4eeebb7805f2578471f5b05b489a606eccddf4
results/current_fsf_v1/manuscript/tables/current_tau_sensitivity_summary.tsv	5325	659c61b49a8e2c4ad0d0b93ccf9354f44dd97af5372539554bfc0e020cd541b1
results/current_fsf_v1/representative_features/LARGE_ARTIFACT_MANIFEST.tsv	644	4999efb3ae9afb3a0ceda10bb7ba06f56fe29ba0f17bd10cc91e5556acd7e4ef
results/current_fsf_v1/representative_features/current_fsf_representative_regeneration_audit.txt	3023	7359104ebb75a6ed83b45d7c4f223fea3d1369498fcd4c45ac8d9fcd3a65ad4e
results/current_fsf_v1/representative_features/current_fsf_stable_constant_signals.tsv	4994508	1b1a4117b6e42a3e089c1dffce9ffe6b9452c682802e4a0546c9e044ece060fa
results/current_fsf_v1/representative_features/current_fsf_stable_directional_signals.tsv	809813	3f2b3dc7ae046198e35ed4adc56f82edbb4e2864c37d8040c2a0cf48ef12a941
results/current_fsf_v1/representative_features/current_fsf_stable_signal_annotation_coverage.tsv	5430	14f7b834bb133e3eed1fd29cae0c00f00b8e32a6f665e85cbf813565b090e446
results/current_fsf_v1/representative_features/current_fsf_stable_signal_catalog.tsv	5804175	505d289eb8980d5f962daf1e0aac8f5f0dd4896d53ced57e437d64374a5d5f50
results/current_fsf_v1/representative_features/current_fsf_stable_signal_summary.tsv	1606	777e3f3a70753d89b3d1231ec175e4ee60c07b30943d5490728d13eda32b6835
results/current_fsf_v1/representative_features/current_fsf_top100_annotated_stable_directional_signals.tsv	22301018	a1790a6a35d9777cc2ee57d9abd9705f15ad7b9f1b9283ae35fedeafaf724577
results/current_fsf_v1/representative_features/current_fsf_top100_stable_directional_signals.tsv	86638	e39e8716707e9c88b1c919e967fe4c3dbe63e04d12d1787f2bf561dcd933cbf3
results/current_fsf_v1/representative_features/current_fsf_top50_annotated_stable_directional_signals_compact.tsv	12312437	6c90df6f87b2472fbd7d10fffde12dfea224b01fc781ce225962eb55fa711a61
run_fsf_publication_reproduction.sh	8278	986b6e3aed85dbe8c3650945e4a050c73622a6e58eb80b2b65072bed0b370a5e
scripts/current/audit_current_manuscript_bundle.R	7261	736b9f462e66fd7ee8a86eff0cbcc90fc7a84709939706059cfcf595bf1c8cf2
scripts/current/biological_theme_decisions/build_author_biological_theme_decision_packet.R	9649	d69a76edd64dce007f141eaf4a7b4d7d852a07570577d97b0e0f3e75bd626437
scripts/current/biological_themes/build_current_biological_theme_review.R	22464	54390533c11afc89918be8f974fb8a8ca538db64515779abf13ea2a46d2cfb58
scripts/current/build_current_biological_review_package.R	18635	ac6d747abff13332db925fb97d07b96f1b57944d82ad318003016a41ce438932
scripts/current/build_current_biological_validation.py	54899	ab9654608c7f6fff900ee087dd970b10631f5209669f3a62448e4d651b1d1ef9
scripts/current/build_current_enrichment_gene_sets.R	8982	48c548930a406159fe20f5608ced47342c2e2d6c20ed2b5eb7502ccb34ab0063
scripts/current/build_current_external_artifact_manifests.R	8428	e397ebf1505c1e0e782fe2325ed339bcc31a9c1fefa95ff6f9915c1349b9db81
scripts/current/build_current_manuscript_benchmark_outputs.R	4886	9bfeac533498cf3b325182593e78eb76d4fd991b91aad768ceccafd80689c402
scripts/current/build_current_manuscript_enrichment_outputs.R	5073	9820de30384aa26949885f097a777396a510a0f5eb061088d78459d6c849cd39
scripts/current/build_current_manuscript_tables.R	9059	6bb88fa3b4b04042c3f0266ee3d18bd94d46cb9ea9ad0c9fa7678e4918aa3097
scripts/current/build_current_representative_features.R	7923	5e4b5b0994c6008b417bba060a2cd5525d7812a3ae9ac87f8d31c0aa9c11cf12
scripts/current/build_final_table_package.py	13819	1d890990f18c5664f57aaf47f3d6e958fb42d00ba32d868bd65f3dbbed965103
scripts/current/figures/build_author_reviewed_biological_theme_panels.R	13289	4ffc0ecf0e10744620b04fb84a5fc1ca7437033a19c0caf12413ff0e8cc5726f
scripts/current/figures/build_current_manuscript_figures.R	39636	5e3d785f70e8fe95511c4b0321f496b59448348f84ec4ec4d8bc8b194de23c75
scripts/current/reproduce_current_real_data_fsf.R	7961	448278cbc5c79ecf701754cbe30a0a763a9d0767b8041d78e68b0469f9286aa4
scripts/current/run_current_go_enrichment.R	10618	c8afacee3de3cf057ff372748b1425d79a00867d63cbd1fa15cfc855a116e09f
scripts/current/run_current_kegg_enrichment.R	10551	ac156d37f94cd2b063d5210e00428dcc0068b8b8947ff032b0129f2e3e6d2c9f
scripts/current/run_current_synthetic_validation.R	10970	6bd7f5053e1127a742e99ca7252ba79a0f1d3c03cdb417fe76488d4fffaa0e12
scripts/current/semantic/build_current_semantic_authority.R	12295	30813424d056666d0fe4ce46e654ffb8363f08ad747eac1d1bc2d17fda905560
scripts/lib/current_fsf_annotation_authority.R	7682	582f99164982687db36cb04dc0a2c0b6173055eab6dd55e678a7abb536427934
tests/testthat/fixtures/README.md	1674	491959f2f0f0e964ac3b68b9a71873491682a15ab36fcad637726d3baf5564f0
tests/testthat/fixtures/safe-golden-effects.tsv	27504	ff80da7ae6c17959b2895ebac5fbf5f17824c7fe636690d06b3d7cec546a3379
tests/testthat/fixtures/safe-golden-identities.tsv	344	800e5de20de15eea60f9aeed5cf73562c1c880c9f87d4116e744c28be7760f09
tests/testthat/test-architecture-contracts.R	2001	7704fe580a68489cbf7e4f74c189304b568bae4d4594caf7f0f04796ee370c94
tests/testthat/test-boundary-contracts.R	1421	c9d9c1bba0e8fa009e07906689a5d5b7d902b7243727af05a6f1ddb03a7b8850
tests/testthat/test-grouping-contracts.R	2166	581e868b747c911789b7841571cea973da83d5caee658790736442d0b35b80c3
tests/testthat/test-numerical-validation-contracts.R	808	00ebafed2db2e04802e2a03661aa7e2f1718c98f877feda3731df63e1b4c7ef7
tests/testthat/test-probability-contracts.R	948	21b72d20fa4f8c8d6ee704fed4bd6bc8b912a3866de8a57ba4d362af09cdf031
tests/testthat/test-regression-fixtures.R	761	e0d08eaf99b76138d45676d12d62a9eb8be68979882295b6a9e9a37fe4badccd
tests/testthat/test-release-hardening-contracts.R	3599	526c1497a7f74fa1c13dcd11c7a78bc29aeaad0a5f5104aced2140461ff148cb
tests/testthat/test-safe-golden-contracts.R	1500	a3653d7db23af2da60359d9ab86e0e55b87ac74fdfc75b269e8a2c8c7c1fd195
tests/testthat/test-single-perturbation-contracts.R	614	2f90fa93152aea6a3cecbbcd5c677268582da0106a93b0b2d1dfe9cada42c81e
tests/testthat/test-tie-contracts.R	2328	1b1a4d95708e149891cf3369af71e933d644352d9293057d83eaec316a2f4594
tests/testthat/test-validation-contracts.R	1208	51268fae8ba8140fe521bae2884aac5d79e805a332dd3a1a4e856603d7a3e8e0
tests/testthat.R	50	b48b651938c0b450ca35142d28d11c6f5140a9d3ab5075d40d32bcea32223f6e
tests/workflow/clean_release_hash_guard.R	2605	c8eaa8e50277a182729c44eb7b0d8db3c0495b8c15772061877a402f23b7ab91
tests/workflow/test-current-author-biological-theme-packet.R	5762	12e389df1717b9ab8c652edcc510fcd1727bf617842da26049b0628ee3083d63
tests/workflow/test-current-author-decision-lock.R	3842	cb9caaf467f400cebb8701855fd7f2f4dbf5f9b4d87589c300e229aee881c68c
tests/workflow/test-current-biological-review-package.R	4711	ded9f754630c38c5ff33306778536fdd3a256f4ac9598beae13d3a7ade9a7988
tests/workflow/test-current-biological-theme-review.R	6997	d0d054767287aca975e40c11e3a400419080f0da0b8e1952e2fdc39aa27c8718
tests/workflow/test-current-enrichment-gene-sets.R	5416	c6545999028036adb869b1fbb30f3b738267481568e8ad2631906051863e2172
tests/workflow/test-current-final-biological-decision-lock.R	3997	23698148cec4899fecf99191639c10c58edaad36b90327278a63424cbfe7bad4
tests/workflow/test-current-fsf-annotation-authority.R	5321	0affce6af911090485b4fd8ce14688013504f858a54069c4fc2300b1d2e213d1
tests/workflow/test-current-fsf-authority-boundary.R	8773	957236bc453dff9d4487e536aa78ab8a5a37bb0af5da78cfe4a963ffd15b1069
tests/workflow/test-current-go-enrichment.R	4733	506f07125efb6981330405b92fad97f54db50f39ae1d2df26237900c8184c334
tests/workflow/test-current-kegg-enrichment.R	5471	c5f8f35153655a57facfbf763ccdefebdcfbd49b480f6170c76c83032697c887
tests/workflow/test-current-manuscript-data-authorities.R	2324	7bb183830f6dec5e76db83aaa0f87219ec35176dc707cefce1396de38db27272
tests/workflow/test-current-manuscript-figures.R	6793	9e0c778c73fd24288985c1cc767a53f7cc7b52d272e837ca4fc4dca1f49f75da
tests/workflow/test-current-representative-features.R	4880	cc6b70b2fa3de27cbf50a7c526fc482e6dcddc23080678c44cb517ba57664bb2
tests/workflow/test-current-semantic-authority.R	5061	48ebed661b6454c9b5c42afad96572d2fbd1cc94328f54f8cf4ad717c82b12c7
tests/workflow/test-current-supplementary-s1-s2.R	10399	c059fbd9a0829b0adbe642874a4ce8bcf424c87ccb1f0d7f0fea91d16366ab60
tests/workflow/test-current-synthetic-validation.R	4037	491aee8ad8f60a8864a19e2938fd9c67449fea0a4b27e3d4fc347e58b1bdde27
