table_id	filename	title	source_authority	row_count	column_count	sha256	manuscript_section	related_figure	counting_convention	status
Table 1	Table1_Condition_Level_FSF_Stability_Region_Architecture.tsv	Table 1. Condition-level FSF stability-region architecture across six environmental stress conditions	results/current_fsf_v1/current_fsf_region_architecture.tsv; results/current_fsf_v1/current_fsf_feature_metrics.tsv; results/current_fsf_v1/manuscript/tables/current_region_architecture.tsv	6	12	b785a8caced29a6f53958c174eb5f5f68a61b9bba4214eea6c742f1b9faa4ce5	Results 3.1	Figure 3	Exact region counts; percentages displayed to one decimal place; single-contrast HT/OSM guardrail retained.	PASS
S1	Supplementary_Table_S1_metadata.csv	Supplementary Table S1. RNA-seq sample metadata used for FSF analysis	Git object d13ab123b021672d20485f14b1381214175ac0e9:results/manuscript/tables/supplementary/locked_submission_tables/Supplementary_Table_S1_metadata.csv	111	7	6da9e049d318a88a37a80d10605580971a2ee6c8e45350518e990ceeb362bbf2	Methods 2.1		Preserved byte-identical shared metadata table.	PASS
S2	Supplementary_Table_S2_Functional_Annotation_Atlas.tsv.gz	Supplementary Table S2. Functional annotation atlas of the FSF feature universe	/media/saji/5E06441D0643F5152/FSF_R_PACKAGE_ARTIFACTS/FSF_v1_annotation_master.tsv (SHA-256 25627cfcaf544dd2793d9fd2462772d9cb76f4728bbcab8c9d29599520f5d584)	15187	36	ee0783f9dac0ad126cba8f24104b42eda1a01734ae56ebfbabb273b0ddd6fbc7	Methods 2.6 and annotation-coverage Results subsection	Supplementary Figure S1	One frozen annotation-master row per analyzed feature; no external enrichment or inferred names.	PASS
S3	Supplementary_Table_S3_Literature_Supported_Representative_Genes.tsv	Supplementary Table S3. Literature-supported representative genes across FSF signal classes	validated_gene_shortlist.tsv; gene_literature_evidence.tsv; gene_author_decisions.tsv; current_fsf_feature_metrics.tsv	8	21	75849961aca45cef053d82732b680042b29a5a8b8405389a068946a83ac8e334	Results 3.4		Eight author-retained literature-supported representative genes; directionality support is not claimed.	PASS
S4	Supplementary_Table_S4_GO_Enrichment_Main_Class.tsv.gz	Supplementary Table S4. Significant GO enrichment results for current FSF signal classes	results/current_fsf_v1/manuscript/tables/current_go_statistical_summary.tsv	6011	20	572a3fedfcb91866ea08358fb10422e333db13418b574bc1159dcef861851577	Results 3.3	Figure 5	Raw unique GO term IDs; main_class significant rows only; adjusted P <= 0.05.	PASS
S5	Supplementary_Table_S5_KEGG_Enrichment_Main_Class.tsv.gz	Supplementary Table S5. Significant KEGG enrichment results for current FSF signal classes	results/current_fsf_v1/manuscript/tables/current_kegg_statistical_summary.tsv	986	21	d196a38475a126b4382f56414f6df2b83ae1eba9b4b8bc9f245fbf3265f6e580	Results 3.3	Figure 5	Raw unique KEGG IDs retained; ko/map-normalized pathway counts are not substituted for Figure 5 breadth counts.	PASS
S6	Supplementary_Table_S6_Synthetic_Baseline_Benchmark.tsv	Supplementary Table S6. Baseline synthetic benchmark performance of FSF	baseline_summary.tsv; baseline_truth_by_class.tsv	6	9	289d5af2b283816edb304b4ecb7d8fc2752ecbd0108946fdddeb8ffd347b602d	Synthetic-baseline Results subsection	Figure 6	Generator truth-scenario labels are provenance labels, not current FSF class names.	PASS
S7A	Supplementary_Table_S7A_Noise_Gradient_SSI_Summary.tsv	Supplementary Table S7A. SSI behavior across the synthetic noise gradient	noise_summary.tsv	35	7	8cc34d5e67bf9e5687061eedc5bf99571c7bb52725c881ce99f970d5797a8afe	Noise-robustness Results subsection		Authority columns and values preserved exactly; not directly plotted in the current figure builder.	PASS
S7B	Supplementary_Table_S7B_Noise_Gradient_Dominant_Class_Recovery.tsv	Supplementary Table S7B. Dominant-class recovery across the synthetic noise gradient	noise_dominant_recovery.tsv	35	5	88d9e25596ae9ae18e839c29eb43275f64a66004f503056c1db9f0b8eccd4079	Noise-robustness Results subsection	Figure 6	Direct authority for the current Figure 6 noise panels.	PASS
S7C	Supplementary_Table_S7C_Noise_Gradient_Class_Assignments.tsv	Supplementary Table S7C. FSF class assignments across the synthetic noise gradient	noise_truth_by_class.tsv	60	5	e17fc6ea108580372033de2ffc1b445f4680d700126bb6e2946e8e6452068805	Noise-robustness Results subsection		Authority columns and values preserved exactly; S7D retired as redundant; not directly plotted in the current figure builder.	PASS
S8A	Supplementary_Table_S8A_Tau_Sensitivity_Class_Composition.tsv	Supplementary Table S8A. FSF class composition across directional-threshold values	tau_truth_by_class.tsv	30	5	1db3db0b548593d3770a60f9416a66c121d98d2bb2a97422f5a6dcbe15400afe	Tau-sensitivity Results subsection		Included in the governed tau source bundle but not plotted by the current Supplementary Figure S2 builder.	PASS
S8B	Supplementary_Table_S8B_Tau_Sensitivity_SSI_Summary.tsv	Supplementary Table S8B. SSI sensitivity to the directional-state threshold	tau_summary.tsv	20	7	f0feb32f23c85b392ea2bba4b7138b32bdd0e3ea0148018a7df460104a3415c4	Tau-sensitivity Results subsection	Supplementary Figure S2	Mean SSI is the endpoint plotted in the current Supplementary Figure S2 builder.	PASS
